Device category,Sessions,Engaged sessions,Engagement rate
mobile,28084,17311,0.6164007976071785
desktop,23108,15743,0.6812792106629738
tablet,734,447,0.6089918256130791
smart tv,2,1,0.5
